{"namespaces":[{"name":"hippo","uri":"http://www.onehippo.org/jcr/hippo/nt/2.0.4"},{"name":"hippogallery","uri":"http://www.onehippo.org/jcr/hippogallery/nt/2.0"}],"entities":[{"name":"hippogallery:imageset","mixin":false,"abstrakt":false,"orderable":true,"superTypes":["hippo:document"],"properties":[{"name":"hippogallery:description","type":1,"childNodes":false,"multiple":false,"mandatory":false},{"name":"hippogallery:filename","type":1,"childNodes":false,"multiple":false,"mandatory":false},{"name":"hippogallery:focus","type":1,"childNodes":false,"multiple":false,"mandatory":false}],"childNodes":[{"name":"hippogallery:thumbnail","primaryTypes":["hippogallery:image"],"childNodes":true,"multiple":false,"mandatory":false},{"name":"hippogallery:original","primaryTypes":["hippogallery:image"],"childNodes":true,"multiple":false,"mandatory":false}]}]}